{"cameraMode":{"drawMode":0,"name":"Shaded","section":"Shading Mode"},"sceneLighting":false,"audioPlay":false,"sceneViewState":{"m_AlwaysRefresh":false,"showFog":true,"showSkybox":false,"showFlares":true,"showImageEffects":true,"showParticleSystems":true,"showVisualEffectGraphs":true,"m_FxEnabled":true},"in2DMode":false,"pivot":{"x":2.4711976051330568,"y":1.625565528869629,"z":3.3540616035461427},"rotation":{"x":-0.007460099179297686,"y":0.9514136910438538,"z":-0.30719810724258425,"w":-0.02399934083223343},"size":0.8660253882408142,"orthographic":false}