{"cameraMode":{"drawMode":0,"name":"Shaded","section":"Shading Mode"},"sceneLighting":true,"audioPlay":false,"sceneViewState":{"m_AlwaysRefresh":false,"showFog":true,"showSkybox":true,"showFlares":true,"showImageEffects":true,"showParticleSystems":true,"showVisualEffectGraphs":true,"m_FxEnabled":true},"in2DMode":false,"pivot":{"x":592.3982543945313,"y":490.9068603515625,"z":-18.018035888671876},"rotation":{"x":0.296322226524353,"y":-0.01862298883497715,"z":0.005778884515166283,"w":0.9548898339271545},"size":251.24688720703126,"orthographic":false}