{"cameraMode":{"drawMode":0,"name":"Shaded","section":"Shading Mode"},"sceneLighting":false,"audioPlay":false,"sceneViewState":{"m_AlwaysRefresh":false,"showFog":true,"showSkybox":false,"showFlares":true,"showImageEffects":true,"showParticleSystems":true,"showVisualEffectGraphs":true,"m_FxEnabled":true},"in2DMode":false,"pivot":{"x":19.353071212768556,"y":26.468149185180665,"z":80.06185150146485},"rotation":{"x":-0.011095096357166767,"y":0.9882404208183289,"z":-0.12250952422618866,"w":-0.09183956682682038},"size":13.2481050491333,"orthographic":false}