{"cameraMode":{"drawMode":0,"name":"Shaded","section":"Shading Mode"},"sceneLighting":false,"audioPlay":false,"sceneViewState":{"m_AlwaysRefresh":false,"showFog":true,"showSkybox":false,"showFlares":true,"showImageEffects":true,"showParticleSystems":true,"showVisualEffectGraphs":true,"m_FxEnabled":true},"in2DMode":false,"pivot":{"x":0.814456045627594,"y":1.2227766513824463,"z":8.193079948425293},"rotation":{"x":-0.006918459665030241,"y":0.9580845832824707,"z":-0.2857153117656708,"w":-0.024161051958799363},"size":0.8660253882408142,"orthographic":false}